QCode,UserID,SolutionID,SourceFile
A1,waterbyte,S12033690,A1_waterbyte_S12033690.java
A1,baklol420,S12048435,A1_baklol420_S12048435.java
A1,vaibhav_28,S12110816,A1_vaibhav_28_S12110816.java
A1,siddheshkadam,S12120427,A1_siddheshkadam_S12120427.java
A2,vjudge5,S11665565,A2_vjudge5_S11665565.java
A2,vjudge9,S11665582,A2_vjudge9_S11665582.java
A2,vjudge7,S11665589,A2_vjudge7_S11665589.java
A2,vjudge4,S11665592,A2_vjudge4_S11665592.java
A2,deone,S11835945,A2_deone_S11835945.java
A2,deone,S11840658,A2_deone_S11840658.java
A2,rahul_rc7,S11982456,A2_rahul_rc7_S11982456.java
A2,rahul_rc7,S11982496,A2_rahul_rc7_S11982496.java
